Date,open,close,low,high,volume,macd_12_26_9,macdh_12_26_9,macds_12_26_9
2021-11-25 00:00:00+00:00,57165.41796875,57274.6796875,57146.68359375,59367.96875,34284016248,,,
2021-11-26 00:00:00+00:00,58960.28515625,53569.765625,53569.765625,59183.48046875,41810748221,,,
2021-11-27 00:00:00+00:00,53736.4296875,54815.078125,53668.35546875,55329.2578125,30560857714,,,
2021-11-28 00:00:00+00:00,54813.0234375,57248.45703125,53576.734375,57393.84375,28116886357,,,
2021-11-29 00:00:00+00:00,57291.90625,57806.56640625,56792.52734375,58872.87890625,32370840356,,,
2021-11-30 00:00:00+00:00,57830.11328125,57005.42578125,56057.28125,59113.40234375,36708594618,,,
2021-12-01 00:00:00+00:00,56907.96484375,57229.828125,56553.08203125,59041.68359375,36858195307,,,
2021-12-02 00:00:00+00:00,57217.37109375,56477.81640625,55895.1328125,57349.234375,32379968686,,,
2021-12-03 00:00:00+00:00,56509.1640625,53598.24609375,52496.5859375,57482.16796875,39789134215,,,
2021-12-04 00:00:00+00:00,53727.87890625,49200.703125,42874.6171875,53904.6796875,61385677469,,,
2021-12-05 00:00:00+00:00,49201.51953125,49368.84765625,47857.49609375,49768.1484375,37198201161,,,
2021-12-06 00:00:00+00:00,49413.48046875,50582.625,47281.03515625,50929.51953125,37707308001,,,
2021-12-07 00:00:00+00:00,50581.828125,50700.0859375,50175.80859375,51934.78125,33676814852,,,
2021-12-08 00:00:00+00:00,50667.6484375,50504.796875,48765.98828125,51171.375,28479699446,,,
2021-12-09 00:00:00+00:00,50450.08203125,47672.12109375,47358.3515625,50797.1640625,29603577251,,,
2021-12-10 00:00:00+00:00,47642.14453125,47243.3046875,47023.69921875,50015.25390625,30966005122,,,
2021-12-11 00:00:00+00:00,47264.6328125,49362.5078125,46942.34765625,49458.2109375,25775869261,,,
2021-12-12 00:00:00+00:00,49354.85546875,50098.3359375,48725.8515625,50724.8671875,21939223599,,,
2021-12-13 00:00:00+00:00,50114.7421875,46737.48046875,45894.84765625,50205.0,32166727776,,,
2021-12-14 00:00:00+00:00,46709.82421875,46612.6328125,46424.49609375,48431.3984375,34638619079,,,
2021-12-15 00:00:00+00:00,48379.75390625,48896.72265625,46671.96484375,49473.95703125,36541828520,,,
2021-12-16 00:00:00+00:00,48900.46484375,47665.42578125,47529.87890625,49425.57421875,27268150947,,,
2021-12-17 00:00:00+00:00,47653.73046875,46202.14453125,45618.21484375,48004.89453125,32902725329,,,
2021-12-18 00:00:00+00:00,46219.25390625,46848.77734375,45598.44140625,47313.828125,26098292690,,,
2021-12-19 00:00:00+00:00,46853.8671875,46707.015625,46502.953125,48089.6640625,25154053861,,,
2021-12-20 00:00:00+00:00,46707.0625,46880.27734375,45579.80859375,47401.71875,30961902129,-2922.9686455726405,,
2021-12-21 00:00:00+00:00,46886.078125,48936.61328125,46698.7734375,49300.91796875,27055803928,-2638.8319214866206,,
2021-12-22 00:00:00+00:00,48937.09765625,48628.51171875,48450.94140625,49544.796875,24447979559,-2410.723422741321,,
2021-12-23 00:00:00+00:00,48626.34375,50784.5390625,48065.8359375,51332.33984375,28223878108,-2032.5425211147667,,
2021-12-24 00:00:00+00:00,50806.05078125,50822.1953125,50514.49609375,51814.02734375,24367912228,-1710.0801478048961,,
2021-12-25 00:00:00+00:00,50854.91796875,50429.859375,50236.70703125,51176.59765625,19030650914,-1469.248048085712,,
2021-12-26 00:00:00+00:00,50428.69140625,50809.515625,49623.10546875,51196.37890625,20964372926,-1233.5323939115915,,
2021-12-27 00:00:00+00:00,50802.609375,50640.41796875,50499.46875,51956.328125,24324345758,-1048.2868095852973,,
2021-12-28 00:00:00+00:00,50679.859375,47588.85546875,47414.2109375,50679.859375,33430376883,-1134.6345790209816,709.9041420149993,-1844.5387210359809
2021-12-29 00:00:00+00:00,47623.87109375,46444.7109375,46201.49609375,48119.7421875,30049226299,-1280.6264455558266,451.1298203841234,-1731.75626593995
2021-12-30 00:00:00+00:00,46490.60546875,47178.125,46060.3125,47879.96484375,26686491018,-1321.907538903004,327.8789816295571,-1649.786520532561
2021-12-31 00:00:00+00:00,47169.37109375,46306.4453125,45819.953125,48472.52734375,36974172400,-1408.721504045061,192.8520131900002,-1601.5735172350612
2022-01-01 00:00:00+00:00,46311.74609375,47686.8125,46288.484375,47827.3125,24582667004,-1350.5695756914502,200.80315323488912,-1551.3727289263393
2022-01-02 00:00:00+00:00,47680.92578125,47345.21875,46856.9375,47881.40625,27951569547,-1316.8674856629368,187.60419461072206,-1504.4716802736589
2022-01-03 00:00:00+00:00,47343.54296875,46458.1171875,45835.96484375,47510.7265625,33071628362,-1346.2216140091186,126.60005301163233,-1472.821667020751
2022-01-04 00:00:00+00:00,46458.8515625,45897.57421875,45752.46484375,47406.546875,42494677905,-1398.5939842773878,59.38214619469068,-1457.9761304720785
2022-01-05 00:00:00+00:00,45899.359375,43569.00390625,42798.22265625,46929.046875,36851084859,-1609.442971846227,-121.17347309931893,-1488.269498746908
2022-01-06 00:00:00+00:00,43565.51171875,43160.9296875,42645.5390625,43748.71875,30208048289,-1788.849746259475,-240.46419801005345,-1548.3855482494216
2022-01-07 00:00:00+00:00,43153.5703125,41557.90234375,41077.4453125,43153.5703125,84196607520,-2036.9016824520731,-390.812907362121,-1646.0887750899522
2022-01-08 00:00:00+00:00,41561.46484375,41733.94140625,40672.27734375,42228.94140625,28066355845,-2193.988810580726,-438.32002839261895,-1755.668782188107
2022-01-09 00:00:00+00:00,41734.7265625,41911.6015625,41338.16015625,42663.94921875,21294384372,-2277.8877297204817,-417.7751580258998,-1860.112571694582
2022-01-10 00:00:00+00:00,41910.23046875,41821.26171875,39796.5703125,42199.484375,32104232331,-2324.8682638217724,-371.8045537017524,-1953.06371012002
2022-01-11 00:00:00+00:00,41819.5078125,42735.85546875,41407.75390625,43001.15625,26327648900,-2262.2231037721067,-247.32751492166926,-2014.8955888504374
2022-01-12 00:00:00+00:00,42742.1796875,43949.1015625,42528.98828125,44135.3671875,33499938689,-2090.5786534765284,-60.546451700872694,-2030.0322017756557
2022-01-13 00:00:00+00:00,43946.7421875,42591.5703125,42447.04296875,44278.421875,47691135082,-2040.5682163107485,-8.428811628074072,-2032.1394046826745
2022-01-14 00:00:00+00:00,42598.87109375,43099.69921875,41982.6171875,43346.6875,23577403399,-1937.5974115790377,75.63359448290953,-2013.2310060619473
2022-01-15 00:00:00+00:00,43101.8984375,43177.3984375,42669.03515625,43724.671875,18371348298,-1828.6431692071346,147.67026948385023,-1976.3134386909849
2022-01-16 00:00:00+00:00,43172.0390625,43113.87890625,42691.0234375,43436.80859375,17902097845,-1727.5080055202343,199.04434653660041,-1926.5523520568347
2022-01-17 00:00:00+00:00,43118.12109375,42250.55078125,41680.3203125,43179.390625,21690904261,-1697.4538330530559,183.2788152030232,-1880.732648256079
2022-01-18 00:00:00+00:00,42250.07421875,42375.6328125,41392.21484375,42534.40234375,22417209227,-1644.5848597320146,188.91823081925168,-1833.5030905512663
2022-01-19 00:00:00+00:00,42374.0390625,41744.328125,41242.9140625,42478.3046875,23091543258,-1634.7820795262742,158.97680881999395,-1793.7588883462681
2022-01-20 00:00:00+00:00,41744.02734375,40680.41796875,40672.82421875,43413.0234375,20382033940,-1693.3421692707634,80.33337526040395,-1773.6755445311674
2022-01-21 00:00:00+00:00,40699.60546875,36457.31640625,35791.42578125,41060.52734375,43011992031,-2056.810829534734,-226.508228002853,-1830.3026015318808
2022-01-22 00:00:00+00:00,36471.58984375,35030.25,34349.25,36688.8125,39714385405,-2431.9803384505503,-481.3421895349354,-1950.638148915615
2022-01-23 00:00:00+00:00,35047.359375,36276.8046875,34784.96875,36433.3125,26017975951,-2598.761427761223,-518.4986230764862,-2080.2628046847367
2022-01-24 00:00:00+00:00,36275.734375,36654.328125,33184.05859375,37247.51953125,41856658597,-2669.6990277594887,-471.5489784598012,-2198.1500492996875
2022-01-25 00:00:00+00:00,36654.8046875,36954.00390625,35779.4296875,37444.5703125,26428189594,-2670.9472386241177,-378.23775145954414,-2292.7094871645736
2022-01-26 00:00:00+00:00,36950.515625,36852.12109375,36374.90625,38825.41015625,31324598034,-2649.61444028587,-285.5239624970368,-2364.090477788833
2022-01-27 00:00:00+00:00,36841.87890625,37138.234375,35629.28125,37148.32421875,25041426629,-2579.8818215418214,-172.6330750023908,-2407.2487465394306
2022-01-28 00:00:00+00:00,37128.4453125,37784.33203125,36211.109375,37952.87890625,22238830523,-2444.3070870239317,-29.64667238760103,-2414.6604146363306
2022-01-29 00:00:00+00:00,37780.71484375,38138.1796875,37406.47265625,38576.26171875,17194183075,-2282.0050507973865,106.12429107115531,-2388.129341868542
2022-01-30 00:00:00+00:00,38151.91796875,37917.6015625,37437.7109375,38266.33984375,14643548444,-2146.43555602392,193.35502867569767,-2339.7905846996177
2022-01-31 00:00:00+00:00,37920.28125,38483.125,36733.57421875,38647.26171875,20734730465,-1970.6463550643748,295.31538370819453,-2265.9617387725693
2022-02-01 00:00:00+00:00,38481.765625,38743.2734375,38113.6640625,39115.1328125,20288500328,-1789.7096828873619,381.00164470816617,-2170.711327595528
2022-02-02 00:00:00+00:00,38743.71484375,36952.984375,36832.73046875,38834.6171875,19155189416,-1770.3697118610726,320.27329258756436,-2090.643004448637
2022-02-03 00:00:00+00:00,36944.8046875,37154.6015625,36375.5390625,37154.6015625,18591534769,-1718.958737132656,297.3474138527847,-2016.3061509854408
2022-02-04 00:00:00+00:00,37149.265625,41500.875,37093.62890625,41527.78515625,29412210792,-1312.3789387028955,563.1417698260364,-1875.520708528932
2022-02-05 00:00:00+00:00,41501.48046875,41441.1640625,41038.09765625,41847.1640625,19652846215,-983.6408929108875,713.5038524944357,-1697.1447454053232
2022-02-06 00:00:00+00:00,41441.12109375,42412.43359375,41244.90625,42500.78515625,16142097334,-637.392821573434,847.8015390655114,-1485.1943606389455
2022-02-07 00:00:00+00:00,42406.78125,43840.28515625,41748.15625,44401.86328125,28641855926,-244.94941800052038,992.1959541107401,-1237.1453721112605
2022-02-08 00:00:00+00:00,43854.65234375,44118.4453125,42807.8359375,45293.8671875,33079398868,87.5013456164379,1059.717374182159,-972.2160285657209
2022-02-09 00:00:00+00:00,44096.703125,44338.796875,43232.96875,44727.80078125,23245887300,364.54920419819973,1069.4121862111365,-704.8629820129368
2022-02-10 00:00:00+00:00,44347.80078125,43565.11328125,43402.80859375,45661.171875,32142048537,515.7367360164135,976.4797744234802,-460.7430384070667
2022-02-11 00:00:00+00:00,43571.12890625,42407.9375,42114.5390625,43810.83203125,26954925781,536.0008455062853,797.3951071306816,-261.39426162439634
2022-02-12 00:00:00+00:00,42412.30078125,42244.46875,41852.57421875,42992.55078125,18152390304,532.7287706563948,635.2984258246329,-102.56965516823811
2022-02-13 00:00:00+00:00,42236.56640625,42197.515625,41950.94140625,42693.0546875,14741589015,520.3486476753606,498.33464227487895,22.014005400481622
2022-02-14 00:00:00+00:00,42157.3984375,42586.91796875,41681.95703125,42775.77734375,20827783012,535.7826568335149,411.0149211464266,124.76773568708829
2022-02-15 00:00:00+00:00,42586.46484375,44575.203125,42491.03515625,44667.21875,22721659051,700.3786860818218,460.4887603157868,239.889925766035
2022-02-16 00:00:00+00:00,44578.27734375,43961.859375,43456.69140625,44578.27734375,19792547657,772.4264590133389,426.0292265978431,346.3972324154958
2022-02-17 00:00:00+00:00,43937.0703125,40538.01171875,40249.37109375,44132.97265625,26246662813,546.944115267208,160.43750628136968,386.5066089858383
2022-02-18 00:00:00+00:00,40552.1328125,40030.9765625,39637.6171875,40929.15234375,23310007704,323.6039290385743,-50.32214395781125,373.9260729963855
2022-02-19 00:00:00+00:00,40026.0234375,40122.15625,39713.05859375,40418.87890625,13736557863,152.20810089318547,-177.37437768256007,329.58247857574554
2022-02-20 00:00:00+00:00,40118.1015625,38431.37890625,38112.8125,40119.890625,18340576452,-118.68777024230076,-358.61619905443706,239.9284288121363
2022-02-21 00:00:00+00:00,38423.2109375,37075.28125,36950.4765625,39394.4375,29280402798,-437.75428835138155,-542.1461737308143,104.39188537943275
2022-02-22 00:00:00+00:00,37068.76953125,38286.02734375,36488.93359375,38359.85546875,25493150450,-586.1627917747173,-552.44374172332,-33.719050051397275
2022-02-23 00:00:00+00:00,38285.28125,37296.5703125,37201.81640625,39122.39453125,21849073843,-774.6883876417196,-592.7754700722578,-181.91291756946174
2022-02-24 00:00:00+00:00,37278.56640625,38332.609375,34459.21875,38968.83984375,46383802093,-830.9182781342024,-519.2042884517925,-311.7139896824099
2022-02-25 00:00:00+00:00,38333.74609375,39214.21875,38111.34375,39630.32421875,26545599159,-795.1760680854713,-386.76966272244914,-408.4064053630222
2022-02-26 00:00:00+00:00,39213.08203125,39105.1484375,38702.53515625,40005.34765625,17467554129,-766.8118422001644,-286.72434946971373,-480.08749273045066
2022-02-27 00:00:00+00:00,39098.69921875,37709.78515625,37268.9765625,39778.94140625,23450127612,-847.1615925925871,-293.65927988970907,-553.502312702878
2022-02-28 00:00:00+00:00,37706.0,43193.234375,37518.21484375,43760.45703125,35690014104,-463.03326456564537,72.37523850978619,-535.4085030754316
2022-03-01 00:00:00+00:00,43194.50390625,44354.63671875,42952.5859375,44793.6015625,32479047645,-64.15380903667392,377.00375523100615,-441.1575642676801
2022-03-02 00:00:00+00:00,44357.6171875,43924.1171875,43432.8515625,45077.578125,29183112630,214.74624404485076,524.7230466500247,-309.97680260517393
2022-03-03 00:00:00+00:00,43925.1953125,42451.7890625,41914.75,44021.578125,24967782593,313.3597543617725,498.6692455735572,-185.30949121178466
2022-03-04 00:00:00+00:00,42458.140625,39137.60546875,38805.84765625,42479.61328125,28516271427,122.67068226691481,246.38413878295958,-123.71345651604477
2022-03-05 00:00:00+00:00,39148.44921875,39400.5859375,38777.03515625,39566.3359375,16975917450,-7.149045454316365,93.25152884938274,-100.4005743036991
2022-03-06 00:00:00+00:00,39404.19921875,38419.984375,38211.6484375,39640.17578125,19745229902,-187.0028138062262,-69.28179160202166,-117.72102220420453
2022-03-07 00:00:00+00:00,38429.3046875,38062.0390625,37260.203125,39430.2265625,28546143503,-354.3368417023812,-189.29265559854133,-165.04418610383988
2022-03-08 00:00:00+00:00,38059.90234375,38737.26953125,37957.38671875,39304.44140625,25776583476,-427.5364348067451,-209.99379896232415,-217.54263584442094
2022-03-09 00:00:00+00:00,38742.81640625,41982.92578125,38706.09375,42465.671875,32284121034,-221.10158399328066,-2.847158519087742,-218.2544254741929
2022-03-10 00:00:00+00:00,41974.0703125,39437.4609375,38832.94140625,42004.7265625,31078064711,-259.9022259172925,-33.318240354479684,-226.58398556281284
2022-03-11 00:00:00+00:00,39439.96875,38794.97265625,38347.43359375,40081.6796875,26364890465,-338.59236694416177,-89.60670510507913,-248.98566183908264
2022-03-12 00:00:00+00:00,38794.46484375,38904.01171875,38772.53515625,39308.59765625,14616450657,-387.6873115726921,-110.96131978688754,-276.7259917858046
2022-03-13 00:00:00+00:00,38884.7265625,37849.6640625,37728.14453125,39209.3515625,17300745310,-505.84142810133926,-183.29234905242777,-322.5490790489115
2022-03-14 00:00:00+00:00,37846.31640625,39666.75390625,37680.734375,39742.5,24322159070,-447.69470647162234,-100.11650193816865,-347.5782045334537
2022-03-15 00:00:00+00:00,39664.25,39338.78515625,38310.2109375,39794.62890625,23934000868,-423.19897349709936,-60.49661517091653,-362.70235832618283
2022-03-16 00:00:00+00:00,39335.5703125,41143.9296875,39022.34765625,41465.453125,39616916192,-255.18424604130996,86.01448982789827,-341.19873586920824
2022-03-17 00:00:00+00:00,41140.84375,40951.37890625,40662.87109375,41287.53515625,22009601093,-136.00086951849516,164.15829308057044,-300.1591625990656
2022-03-18 00:00:00+00:00,40944.83984375,41801.15625,40302.3984375,42195.74609375,34421564942,26.714793293038383,261.4991647136832,-234.78437142064482
2022-03-19 00:00:00+00:00,41794.6484375,42190.65234375,41602.66796875,42316.5546875,19664853187,184.96504607081442,335.7995339931674,-150.83448792235296
2022-03-20 00:00:00+00:00,42191.40625,41247.82421875,41004.7578125,42241.1640625,20127946682,231.63106267937837,305.9724404813851,-74.34137780200669
2022-03-21 00:00:00+00:00,41246.1328125,41077.99609375,40668.04296875,41454.41015625,24615543271,252.00554363845004,261.0775371523654,-9.071993513915345
2022-03-22 00:00:00+00:00,41074.10546875,42358.80859375,40948.28125,43124.70703125,32004652376,367.26967494669225,301.07333476848606,66.19634017820617
2022-03-23 00:00:00+00:00,42364.37890625,42892.95703125,41877.5078125,42893.5078125,25242943069,496.00105289535713,343.84377017372077,152.15728272163636
2022-03-24 00:00:00+00:00,42886.65234375,43960.93359375,42726.1640625,44131.85546875,31042992291,676.4012479788289,419.395172205754,257.0060757730749
2022-03-25 00:00:00+00:00,43964.546875,44348.73046875,43706.28515625,44999.4921875,30574413034,840.9675190786511,467.16915464446095,373.79836443419015
2022-03-26 00:00:00+00:00,44349.859375,44500.828125,44166.2734375,44735.99609375,16950455995,972.4506781987075,478.92185101161385,493.5288271870936
2022-03-27 00:00:00+00:00,44505.35546875,46820.4921875,44437.29296875,46827.546875,28160889722,1249.4269169315376,604.7184717955552,644.7084451359824
2022-03-28 00:00:00+00:00,46821.8515625,47128.00390625,46690.203125,48086.8359375,36362175703,1476.7234585520491,665.6120107328534,811.1114478191957
2022-03-29 00:00:00+00:00,47100.4375,47465.73046875,47100.4375,48022.2890625,31397059069,1664.9171875020038,683.0445917462464,981.8725957557574
2022-03-30 00:00:00+00:00,47456.8984375,47062.6640625,46746.2109375,47655.1484375,29333883962,1761.2355559812859,623.4903681804226,1137.7451878008633
2022-03-31 00:00:00+00:00,47062.1484375,45538.67578125,45390.5390625,47512.02734375,33327427106,1695.0558899780808,445.8485617417739,1249.207328236307
2022-04-01 00:00:00+00:00,45554.1640625,46281.64453125,44403.140625,46616.2421875,38162644287,1683.1570104601633,347.1597457790849,1335.9972646810784
2022-04-02 00:00:00+00:00,46285.5,45868.94921875,45782.51171875,47028.28125,29336594194,1621.7316866445835,228.58753757080422,1393.1441490737793
2022-04-03 00:00:00+00:00,45859.12890625,46453.56640625,45634.10546875,47313.4765625,25414397610,1601.761289078022,166.89371200339406,1434.867577074628
2022-04-04 00:00:00+00:00,46445.2734375,46622.67578125,45235.81640625,46791.08984375,32499785455,1581.3514828469197,117.18712461783343,1464.1643582290862
2022-04-05 00:00:00+00:00,46624.5078125,45555.9921875,45544.80859375,47106.140625,29640604055,1462.248225667594,-1.532906049193798,1463.7811317167877
2022-04-06 00:00:00+00:00,45544.35546875,43206.73828125,43193.953125,45544.35546875,39393395788,1164.865040476754,-239.13287299202716,1403.9979134687812
2022-04-07 00:00:00+00:00,43207.5,43503.84765625,42899.90625,43860.69921875,26101973106,942.2987339542815,-369.3593436115998,1311.6580775658813
2022-04-08 00:00:00+00:00,43505.13671875,42287.6640625,42183.2890625,43903.01953125,27215995394,660.1674808075695,-521.1924774066495,1181.359958214219
2022-04-09 00:00:00+00:00,42282.078125,42782.13671875,42183.25390625,42786.81640625,16050772496,471.0463122503643,-568.2509167710837,1039.297229021448
2022-04-10 00:00:00+00:00,42781.08984375,42207.671875,42021.20703125,43376.37890625,17654475582,271.68015205882693,-614.0936615700969,885.7738136289238
2022-04-11 00:00:00+00:00,42201.0390625,39521.90234375,39373.05859375,42424.58984375,33949912166,-101.86389790102112,-790.110169223956,688.2462713229348
2022-04-12 00:00:00+00:00,39533.71484375,40127.18359375,39388.328125,40617.5859375,30991500854,-345.08122880517476,-826.6620001024877,481.58077129731294
2022-04-13 00:00:00+00:00,40123.5703125,41166.73046875,39712.74609375,41430.0546875,27691105228,-448.77675183485553,-744.2860185057348,295.50926667087924
2022-04-14 00:00:00+00:00,41160.21875,39935.515625,39695.74609375,41451.48046875,24342001973,-623.1219867374894,-734.9050027266949,111.78301598920552
2022-04-15 00:00:00+00:00,39939.40234375,40553.46484375,39866.83203125,40617.72265625,21756855753,-703.3210566129201,-652.0832580817005,-51.23779853121958
2022-04-16 00:00:00+00:00,40552.31640625,40424.484375,40078.42578125,40633.6796875,16833150693,-768.4290711835492,-573.7530181218638,-194.67605306168554
2022-04-17 00:00:00+00:00,40417.77734375,39716.953125,39620.89453125,40570.7265625,19087633042,-867.1238367738333,-537.9582269697182,-329.1656098041151
2022-04-18 00:00:00+00:00,39721.203125,40826.21484375,38696.19140625,40986.3203125,33705182072,-846.0789281277684,-413.5306546589227,-432.54827346884576
2022-04-19 00:00:00+00:00,40828.17578125,41502.75,40618.6328125,41672.9609375,25303206547,-765.9802102782633,-266.7455494475339,-499.23466083072935
2022-04-20 00:00:00+00:00,41501.74609375,41374.37890625,40961.09765625,42126.30078125,27819532341,-704.7361144813185,-164.40116292047128,-540.3349515608472
2022-04-21 00:00:00+00:00,41371.515625,40527.36328125,40063.828125,42893.58203125,35372786395,-716.2898657574187,-140.7639313572572,-575.5259344001615
2022-04-22 00:00:00+00:00,40525.86328125,39740.3203125,39315.41796875,40777.7578125,28011716745,-779.9631571047212,-163.54977816364772,-616.4133789410735
2022-04-23 00:00:00+00:00,39738.72265625,39486.73046875,39352.203125,39935.859375,16138021249,-841.1905591477043,-179.8217441653046,-661.3688149823997
2022-04-24 00:00:00+00:00,39478.375,39469.29296875,39233.5390625,39845.92578125,17964398167,-880.965554376271,-175.67739151509704,-705.288162861174
2022-04-25 00:00:00+00:00,39472.60546875,40458.30859375,38338.37890625,40491.75390625,35445730570,-823.1929730952179,-94.32384818723506,-728.8691249079828
2022-04-26 00:00:00+00:00,40448.421875,38117.4609375,37884.984375,40713.890625,34569088416,-955.2827241787891,-181.13087941664503,-774.151844762144
2022-04-27 00:00:00+00:00,38120.30078125,39241.12109375,37997.3125,39397.91796875,30981015184,-958.2487249658661,-147.2775041629776,-810.9712208028885
2022-04-28 00:00:00+00:00,39241.4296875,39773.828125,38941.421875,40269.46484375,33903704907,-907.1571535743642,-76.94874621718054,-830.2084073571837
2022-04-29 00:00:00+00:00,39768.6171875,38609.82421875,38235.53515625,39887.26953125,30882994649,-949.6451838536814,-95.54942119719817,-854.0957626564832
2022-04-30 00:00:00+00:00,38605.859375,37714.875,37697.94140625,38771.2109375,23895713731,-1043.503319797841,-151.5260457130862,-891.9772740847548
2022-05-01 00:00:00+00:00,37713.265625,38469.09375,37585.7890625,38627.859375,27002760110,-1044.9815223774713,-122.40339863417307,-922.5781237432982
2022-05-02 00:00:00+00:00,38472.1875,38529.328125,38156.5625,39074.97265625,32922642426,-1029.426015596524,-85.47831348258046,-943.9477021139435
2022-05-03 00:00:00+00:00,38528.109375,37750.453125,37585.62109375,38629.99609375,27326943244,-1067.639780761354,-98.95366291792823,-968.6861178434257
2022-05-04 00:00:00+00:00,37748.01171875,39698.37109375,37732.05859375,39902.94921875,36754404490,-930.0230376624386,30.930464144789767,-960.9535018072283
2022-05-05 00:00:00+00:00,39695.74609375,36575.140625,35856.515625,39789.28125,43106256317,-1060.7516890076004,-79.8385497602975,-980.9131392473029
2022-05-06 00:00:00+00:00,36573.18359375,36040.921875,35482.1328125,36624.359375,37795577489,-1193.7018239474419,-170.23094776011123,-1023.4708761873306
2022-05-07 00:00:00+00:00,36042.50390625,35501.953125,34940.82421875,36129.92578125,24375896406,-1327.256253613159,-243.0283019406627,-1084.2279516724964
2022-05-08 00:00:00+00:00,35502.94140625,34059.265625,33878.96484375,35502.94140625,36763041910,-1531.85366997675,-358.100574643403,-1173.7530953333471
2022-05-09 00:00:00+00:00,34060.015625,30296.953125,30296.953125,34222.07421875,63355494961,-1974.8212620567501,-640.8545333787224,-1333.9667286780277
2022-05-10 00:00:00+00:00,30273.654296875,31022.90625,29944.802734375,32596.30859375,59811038817,-2241.4597671102383,-725.9944307457683,-1515.46533636447
2022-05-11 00:00:00+00:00,31016.18359375,28936.35546875,28170.4140625,32013.40234375,70388855818,-2591.269373082512,-860.6432293744338,-1730.6261437080784
2022-05-12 00:00:00+00:00,28936.734375,29047.751953125,26350.490234375,30032.439453125,66989173272,-2826.920263645319,-877.0352959497923,-1949.884967695527
2022-05-13 00:00:00+00:00,29030.91015625,29283.103515625,28782.330078125,30924.802734375,42841124537,-2960.5569305974277,-808.5375703215204,-2152.0193602759073
2022-05-14 00:00:00+00:00,29285.642578125,30101.265625,28702.91015625,30192.802734375,28579868620,-2966.252989363642,-651.3869032701878,-2314.866086093454
2022-05-15 00:00:00+00:00,30098.5859375,31305.11328125,29527.740234375,31308.19140625,25835372065,-2840.8788293301805,-420.8101945893809,-2420.0686347407996
2022-05-16 00:00:00+00:00,31304.375,29862.91796875,29251.884765625,31305.341796875,32613897286,-2825.323443072273,-324.20384666517884,-2501.1195964070944
2022-05-17 00:00:00+00:00,29862.408203125,30425.857421875,29570.302734375,30694.490234375,29101473475,-2736.031905520387,-187.92984729063437,-2548.102058229753
2022-05-18 00:00:00+00:00,30424.478515625,28720.271484375,28720.271484375,30618.716796875,31285268319,-2770.9524348683954,-178.28030131091418,-2592.672133557481
2022-05-19 00:00:00+00:00,28720.359375,30314.333984375,28708.955078125,30430.751953125,33773447707,-2639.5723375214693,-37.520163171190234,-2602.052174350279
2022-05-20 00:00:00+00:00,30311.119140625,29200.740234375,28793.60546875,30664.9765625,30749382605,-2595.3923058391556,5.327894808899146,-2600.7202006480547
2022-05-21 00:00:00+00:00,29199.859375,29432.2265625,29027.39453125,29588.869140625,17274840442,-2512.7350547750757,70.38811669838333,-2583.123171473459
2022-05-22 00:00:00+00:00,29432.47265625,30323.72265625,29275.18359375,30425.861328125,21631532270,-2348.223445411193,187.91978084981292,-2536.143226261006
2022-05-23 00:00:00+00:00,30309.396484375,29098.91015625,28975.560546875,30590.5859375,31483454557,-2290.278042685517,196.6921468603914,-2486.9701895459084
2022-05-24 00:00:00+00:00,29101.125,29655.5859375,28786.58984375,29774.35546875,26616506245,-2174.372003382661,250.07854893059766,-2424.450552313259
2022-05-25 00:00:00+00:00,29653.134765625,29562.361328125,29384.94921875,30157.78515625,27525063551,-2066.2199812763465,286.58445682953015,-2352.8044381058767
2022-05-26 00:00:00+00:00,29564.77734375,29267.224609375,28261.90625,29834.16015625,36774325352,-1981.4824944406173,297.0575549322075,-2278.540049372825
2022-05-27 00:00:00+00:00,29251.140625,28627.57421875,28326.61328125,29346.943359375,36582005748,-1943.5379704517618,268.00166313685077,-2211.5396335886126
2022-05-28 00:00:00+00:00,28622.625,28814.900390625,28554.56640625,28814.900390625,35519577634,-1876.7173756049197,267.8578063869545,-2144.575181991874
2022-05-29 00:00:00+00:00,29019.8671875,29445.95703125,28841.107421875,29498.009765625,18093886409,-1752.6372644288458,313.55033405042286,-2066.1875984792687
2022-05-30 00:00:00+00:00,29443.365234375,31726.390625,29303.572265625,31949.630859375,39277993274,-1453.5354973173453,490.1216809295388,-1943.657178246884
2022-05-31 00:00:00+00:00,31723.865234375,31792.310546875,31286.154296875,32249.86328125,33538210634,-1197.3734296323564,597.0269988916223,-1794.4004285239787
2022-06-01 00:00:00+00:00,31792.5546875,29799.080078125,29501.587890625,31957.28515625,41135817341,-1142.035511663973,521.8919334880047,-1663.9274451519777
2022-06-02 00:00:00+00:00,29794.890625,30467.48828125,29652.705078125,30604.734375,29083562061,-1032.3446308222046,505.26625146381866,-1537.6108822860233
2022-06-03 00:00:00+00:00,30467.806640625,29704.390625,29375.689453125,30633.03515625,26175547452,-995.5137579453512,433.6776994725378,-1429.191457417889
2022-06-04 00:00:00+00:00,29706.138671875,29832.9140625,29500.005859375,29930.564453125,16588370958,-945.0601929227996,387.30501159607184,-1332.3652045188715
2022-06-05 00:00:00+00:00,29835.1171875,29906.662109375,29574.44921875,30117.744140625,17264085441,-888.8780947308005,354.78968783045684,-1243.6677825612574
2022-06-06 00:00:00+00:00,29910.283203125,31370.671875,29894.1875,31693.291015625,31947336829,-717.94401262475,420.579015949206,-1138.523028573956
2022-06-07 00:00:00+00:00,31371.7421875,31155.478515625,29311.68359375,31489.68359375,40770974039,-593.0060224049157,436.41360493523234,-1029.419627340148
2022-06-08 00:00:00+00:00,31151.48046875,30214.35546875,29944.404296875,31253.69140625,30242059107,-563.4375720129647,372.7856442617467,-936.2232162747114
2022-06-09 00:00:00+00:00,30215.279296875,30111.998046875,30020.265625,30609.310546875,21692004719,-542.0157306074398,315.36598853381724,-857.381719141257
2022-06-10 00:00:00+00:00,30110.330078125,29083.8046875,28978.146484375,30245.80859375,29867476527,-601.0765418711162,205.04414181611264,-806.1206836872288
2022-06-11 00:00:00+00:00,29084.666015625,28360.810546875,28236.212890625,29401.916015625,27246574439,-698.1741283882875,86.35724423915315,-784.5313726274406
2022-06-12 00:00:00+00:00,28373.513671875,26762.6484375,26762.6484375,28502.685546875,34163220274,-893.7800510127017,-87.39894270820889,-806.3811083044928
2022-06-13 00:00:00+00:00,26737.578125,22487.388671875,22141.2578125,26795.58984375,68204556440,-1377.8933899162985,-457.20982528944444,-920.683564626854
2022-06-14 00:00:00+00:00,22487.986328125,22206.79296875,20950.818359375,23018.951171875,50913575242,-1763.8656814442838,-674.5456934539438,-1089.31998799034
2022-06-15 00:00:00+00:00,22196.73046875,22572.83984375,20178.376953125,22642.671875,54912007015,-2016.9642710295266,-742.1154264313491,-1274.8488445981775
2022-06-16 00:00:00+00:00,22576.3046875,20381.650390625,20265.2265625,22868.921875,31183975654,-2367.071278833864,-873.7779473885494,-1493.2933314453148
2022-06-17 00:00:00+00:00,20385.71875,20471.482421875,20326.51953125,21243.3125,27132421514,-2607.230381842004,-891.1496403173514,-1716.0807415246527
2022-06-18 00:00:00+00:00,20473.42578125,19017.642578125,17708.623046875,20736.041015625,42009436760,-2881.6530240781067,-932.4578260427629,-1949.1951980353438
2022-06-19 00:00:00+00:00,19010.90234375,20553.271484375,18067.15234375,20683.822265625,35329942625,-2941.316856396101,-793.6973266886052,-2147.6195297074955
2022-06-20 00:00:00+00:00,20553.37109375,20599.537109375,19689.169921875,20913.322265625,30818458597,-2950.852038623634,-642.5860071329107,-2308.2660314907234
2022-06-21 00:00:00+00:00,20594.294921875,20710.59765625,20415.0625,21620.62890625,28970212744,-2915.835148724993,-486.0552937874154,-2429.7798549375775
2022-06-22 00:00:00+00:00,20719.4140625,19987.029296875,19848.078125,20835.75,28574793478,-2912.891925777625,-386.4896566720381,-2526.402269105587
2022-06-23 00:00:00+00:00,19986.607421875,21085.876953125,19950.1171875,21135.76171875,26188097173,-2789.7332693997414,-210.66480023532358,-2579.068469164418
2022-06-24 00:00:00+00:00,21084.6484375,21231.65625,20777.51171875,21472.91796875,24957784918,-2649.8204947729137,-56.60162048679649,-2593.218874286117
2022-06-25 00:00:00+00:00,21233.609375,21502.337890625,20964.5859375,21520.9140625,18372538715,-2488.412002069297,83.84549777345592,-2572.257499842753
2022-06-26 00:00:00+00:00,21496.494140625,21027.294921875,21016.26953125,21783.724609375,18027170497,-2371.489550853421,160.6143591914656,-2532.1039100448866
2022-06-27 00:00:00+00:00,21028.23828125,20735.478515625,20620.19921875,21478.08984375,20965695707,-2276.1369214722836,204.77359085808257,-2480.910512330366
2022-06-28 00:00:00+00:00,20731.544921875,20280.634765625,20228.8125,21164.423828125,21381535161,-2211.7753950742735,215.30809380487426,-2427.083488879148
2022-06-29 00:00:00+00:00,20281.169921875,20104.0234375,19937.791015625,20364.15625,23552740328,-2150.232933102052,221.48044462167672,-2371.7133777237286
2022-06-30 00:00:00+00:00,20108.3125,19784.7265625,18729.65625,20141.16015625,26267239923,-2102.982801265105,214.9844611668991,-2317.967262432004
2022-07-01 00:00:00+00:00,19820.470703125,19269.3671875,19073.708984375,20632.671875,30767551159,-2083.109140409775,187.88649761778333,-2270.9956380275585
2022-07-02 00:00:00+00:00,19274.8359375,19242.255859375,19027.08203125,19371.748046875,18100418740,-2045.9621999272822,180.02675048022093,-2225.988950407503
2022-07-03 00:00:00+00:00,19242.095703125,19297.076171875,18966.951171875,19558.26953125,16390821947,-1989.1695327409725,189.45553413322477,-2178.6250668741973
2022-07-04 00:00:00+00:00,19297.314453125,20231.26171875,19063.06640625,20258.748046875,21594638208,-1847.4833306905457,264.91338894692126,-2112.396719637467
2022-07-05 00:00:00+00:00,20225.353515625,20190.115234375,19341.232421875,20635.466796875,26715546990,-1718.704022074795,314.9541580501377,-2033.6581801249326
2022-07-06 00:00:00+00:00,20194.619140625,20548.24609375,19823.51171875,20595.529296875,24598943708,-1569.6533382567577,371.20387349453995,-1940.8572117512977
2022-07-07 00:00:00+00:00,20547.814453125,21637.587890625,20296.103515625,21771.81640625,25814972520,-1348.0888889248854,474.2146582611299,-1822.3035471860153
2022-07-08 00:00:00+00:00,21637.154296875,21731.1171875,21257.453125,22314.94140625,49899834488,-1151.6746455218527,536.5031213313302,-1688.177766853183
2022-07-09 00:00:00+00:00,21716.828125,21592.20703125,21445.95703125,21877.138671875,29641127858,-995.7454969665196,553.9458159093308,-1549.6913128758504
2022-07-10 00:00:00+00:00,21591.080078125,20860.44921875,20727.123046875,21591.080078125,28688807249,-920.6051006970592,503.26896974303304,-1423.8740704400923
2022-07-11 00:00:00+00:00,20856.353515625,19970.556640625,19924.5390625,20856.353515625,24150249025,-922.2317753711613,401.31383605514475,-1323.545611426306
2022-07-12 00:00:00+00:00,19970.474609375,19323.9140625,19308.53125,20043.4453125,25810220018,-964.5804950902311,287.17209306886,-1251.7525881590911
2022-07-13 00:00:00+00:00,19325.97265625,20212.07421875,18999.953125,20223.052734375,33042430345,-915.9169383021472,268.66851988555527,-1184.5854581877024
2022-07-14 00:00:00+00:00,20211.466796875,20569.919921875,19689.2578125,20789.89453125,31158743333,-838.8063241784112,276.6233072074331,-1115.4296313858442
2022-07-15 00:00:00+00:00,20573.15625,20836.328125,20397.0,21138.244140625,25905575359,-747.581042502512,294.27887110666575,-1041.8599136091777
2022-07-16 00:00:00+00:00,20834.103515625,21190.31640625,20518.8984375,21514.404296875,24302954056,-639.3504199786257,322.0075949044417,-961.3580148830674
2022-07-17 00:00:00+00:00,21195.041015625,20779.34375,20778.1796875,21600.640625,22927802083,-580.0524470470518,305.0444542688126,-885.0969013158644
2022-07-18 00:00:00+00:00,20781.912109375,22485.689453125,20781.912109375,22633.033203125,39974475562,-390.86489140069534,395.3856079321354,-786.2504993328307
2022-07-19 00:00:00+00:00,22467.849609375,23389.43359375,21683.40625,23666.962890625,48765202697,-166.09317258060764,496.1258614017785,-662.2190339823861
2022-07-20 00:00:00+00:00,23393.19140625,23231.732421875,23009.94921875,24196.818359375,42932549127,-0.6773248502759088,529.2333673056881,-529.910692155964
2022-07-21 00:00:00+00:00,23233.201171875,23164.62890625,22431.1484375,23388.322265625,33631012204,123.57671784984268,522.7899280046454,-399.21321015480277
2022-07-22 00:00:00+00:00,23163.751953125,22714.978515625,22603.416015625,23671.927734375,31421555646,183.64892278896514,466.28970635501435,-282.6407835660492
2022-07-23 00:00:00+00:00,22706.984375,22465.478515625,22002.91015625,22977.2109375,24021799169,208.71804149866148,393.08706005176856,-184.36901855310708
2022-07-24 00:00:00+00:00,22465.509765625,22609.1640625,22306.83984375,22974.001953125,23565495303,237.44263064872575,337.4493193614663,-100.00668871274051
2022-07-25 00:00:00+00:00,22607.15625,21361.701171875,21361.642578125,22649.12109375,35574561406,157.7290424896746,206.1885849619321,-48.45954247225748
2022-07-26 00:00:00+00:00,21361.12109375,21239.75390625,20776.81640625,21361.12109375,28624673855,83.74990758597778,105.76756004658822,-22.017652460610428
2022-07-27 00:00:00+00:00,21244.169921875,22930.548828125,21070.806640625,22986.529296875,31758955233,159.71285939121663,145.38440948146163,14.328449909754983
2022-07-28 00:00:00+00:00,22933.640625,23843.88671875,22722.265625,24110.470703125,40212386158,290.26676607604895,220.75065293303516,69.51611314301378
2022-07-29 00:00:00+00:00,23845.212890625,23804.6328125,23481.173828125,24294.787109375,35887249746,386.1133412869458,253.27778251514562,132.83555877180018
2022-07-30 00:00:00+00:00,23796.818359375,23656.20703125,23580.5078125,24572.580078125,28148218301,444.9664265942047,249.70469425792356,195.2617323362811
2022-07-31 00:00:00+00:00,23652.0703125,23336.896484375,23275.703125,24121.642578125,23553591896,460.5334848295897,212.21740199464688,248.31608283494285
2022-08-01 00:00:00+00:00,23336.71875,23314.19921875,22890.796875,23464.787109375,25849159141,465.6710450515602,173.88396977329387,291.78707527826634
2022-08-02 00:00:00+00:00,23308.43359375,22978.1171875,22710.083984375,23415.041015625,28389250717,437.57944392858553,116.63389492025533,320.9455490083302
2022-08-03 00:00:00+00:00,22981.302734375,22846.5078125,22747.8359375,23578.650390625,26288169966,400.08494083874757,63.31151346433387,336.7734273744137
2022-08-04 00:00:00+00:00,22848.21484375,22630.95703125,22485.701171875,23198.009765625,25120229769,348.9545989924263,9.744937294410079,339.20966169801625
2022-08-05 00:00:00+00:00,22626.833984375,23289.314453125,22612.177734375,23422.828125,28881249043,357.43706454453786,14.581922277217302,342.85514226732056
2022-08-06 00:00:00+00:00,23291.423828125,22961.279296875,22961.279296875,23326.5625,15978259885,333.841467375456,-7.210939913491643,341.0524072889476
2022-08-07 00:00:00+00:00,22963.505859375,23175.890625,22894.556640625,23359.009765625,15886817043,328.6704192173347,-9.905590457290373,338.5760096746251
2022-08-08 00:00:00+00:00,23179.52734375,23809.486328125,23176.546875,24203.689453125,28575544847,371.416743340269,26.27258693251514,345.1441564077539
2022-08-09 00:00:00+00:00,23811.484375,23164.318359375,22982.0,23898.615234375,23555719219,349.2083930138979,3.251389284915149,345.9570037289827
2022-08-10 00:00:00+00:00,23162.8984375,23947.642578125,22771.51953125,24127.4140625,32837431722,390.31650758139585,35.4876030819305,354.82890449946535
2022-08-11 00:00:00+00:00,23948.345703125,23957.529296875,23900.99609375,24822.62890625,37127036580,418.86435259774225,51.22835847862149,367.63599411912077
2022-08-12 00:00:00+00:00,23957.203125,24402.818359375,23657.265625,24412.56640625,27265804688,471.97914951826533,83.47452431931566,388.50462519894967
2022-08-13 00:00:00+00:00,24402.1875,24424.068359375,24346.115234375,24860.05078125,22987346289,509.9097835782959,97.12412670347697,412.7856568748189
2022-08-14 00:00:00+00:00,24429.056640625,24319.333984375,24206.259765625,24974.9140625,22994133555,525.4617001942352,90.14083465553296,435.3208655387022
2022-08-15 00:00:00+00:00,24318.31640625,24136.97265625,23839.775390625,25135.58984375,35123501685,517.1107403113492,65.43189981811759,451.67884049323163
2022-08-16 00:00:00+00:00,24126.13671875,23883.291015625,23733.5,24228.416015625,27753685646,484.43825351209307,26.20753041508914,458.23072309700393
2022-08-17 00:00:00+00:00,23881.31640625,23335.998046875,23243.353515625,24407.05859375,30931623076,409.660789099431,-38.855947198058345,448.51673629748933
2022-08-18 00:00:00+00:00,23341.0390625,23212.73828125,23177.6015625,23563.83203125,23747613147,336.57326970518625,-89.5547732738425,426.12804297902875
2022-08-19 00:00:00+00:00,23213.3125,20877.552734375,20868.84765625,23213.3125,40509610260,89.19276764040842,-269.54822027089625,358.74098791130467
2022-08-20 00:00:00+00:00,20872.841796875,21166.060546875,20856.73046875,21350.806640625,27595671000,-82.62543859427751,-353.0931412044658,270.46770261018827
2022-08-21 00:00:00+00:00,21160.392578125,21534.12109375,21103.197265625,21668.845703125,23102307723,-186.93828659331484,-365.92479136280247,178.98650476948765
2022-08-22 00:00:00+00:00,21531.462890625,21398.908203125,20939.18359375,21531.462890625,31666498758,-277.3207395587342,-365.04579546257753,87.7250559038433
2022-08-23 00:00:00+00:00,21401.044921875,21528.087890625,20955.138671875,21646.203125,31878280659,-334.6679200637336,-337.91438077406156,3.2464607103279235
2022-08-24 00:00:00+00:00,21526.455078125,21395.01953125,21195.005859375,21783.076171875,31962253368,-386.3993075882936,-311.7166146388972,-74.6826929493964
2022-08-25 00:00:00+00:00,21395.458984375,21600.904296875,21362.44140625,21789.63671875,31028679593,-406.10233009940566,-265.1357097200074,-140.96662037939825
2022-08-26 00:00:00+00:00,21596.0859375,20260.01953125,20199.482421875,21804.908203125,42326789564,-523.8763908049841,-306.32781634046864,-217.54857446451544
2022-08-27 00:00:00+00:00,20262.48046875,20041.73828125,19890.5234375,20340.775390625,30116729776,-627.59216325745,-328.03487103434765,-299.55729222310237
2022-08-28 00:00:00+00:00,20041.03515625,19616.814453125,19616.814453125,20139.0546875,24366810591,-735.5959694081575,-348.8309417480441,-386.76502766011345
2022-08-29 00:00:00+00:00,19615.154296875,20297.994140625,19600.78515625,20357.462890625,32637854078,-757.4923556298454,-296.5818623757856,-460.9104932540598
2022-08-30 00:00:00+00:00,20298.611328125,19796.80859375,19617.640625,20542.64453125,34483360283,-805.9958658889445,-276.0682981079078,-529.9275677810367
2022-08-31 00:00:00+00:00,19799.58203125,20049.763671875,19799.58203125,20420.990234375,33225232872,-814.63330084677,-227.76458645258663,-586.8687143941834
2022-09-01 00:00:00+00:00,20050.498046875,20127.140625,19653.96875,20198.390625,30182031010,-805.9444311103471,-175.26057337293093,-630.6838577374161
2022-09-02 00:00:00+00:00,20126.072265625,19969.771484375,19814.765625,20401.568359375,29123998928,-802.5060238041988,-137.45773285342602,-665.0482909507728
2022-09-03 00:00:00+00:00,19969.71875,19832.087890625,19698.35546875,20037.009765625,23613051457,-801.6500537773973,-109.28141026129947,-692.3686435160978
2022-09-04 00:00:00+00:00,19832.470703125,19986.712890625,19636.81640625,19999.689453125,25245861652,-779.5090510067967,-69.71232599255904,-709.7967250142376
2022-09-05 00:00:00+00:00,19988.7890625,19812.37109375,19673.046875,20031.16015625,28813460025,-767.1864252135165,-45.91176015942301,-721.2746650540935
2022-09-06 00:00:00+00:00,19817.724609375,18837.66796875,18800.171875,20155.26953125,43403978910,-826.5431765126414,-84.21480916683834,-742.328367345803
2022-09-07 00:00:00+00:00,18837.68359375,19290.32421875,18644.466796875,19427.171875,35239757134,-827.5191277981357,-68.15260836186621,-759.3665194362695
2022-09-08 00:00:00+00:00,19289.94140625,19329.833984375,19076.71484375,19417.3515625,32194477850,-815.701568410157,-45.068039179109974,-770.6335292310471
2022-09-09 00:00:00+00:00,19328.140625,21381.15234375,19310.962890625,21439.41015625,48469528171,-633.5091206385441,109.69952687400246,-743.2086475125466
2022-09-10 00:00:00+00:00,21376.912109375,21680.5390625,21168.72265625,21760.275390625,36913738894,-459.6635715082157,226.83606080346476,-686.4996323116804
2022-09-11 00:00:00+00:00,21678.54296875,21769.255859375,21406.9453125,21770.552734375,34493951963,-311.1443390028762,300.2842346470434,-611.4285736499196
2022-09-12 00:00:00+00:00,21770.1484375,22370.44921875,21603.896484375,22439.181640625,50212088965,-143.27886789894546,374.51976460077935,-517.7986324997248
2022-09-13 00:00:00+00:00,22371.48046875,20296.70703125,20062.669921875,22673.8203125,51091116622,-175.55425600385206,273.79550119669824,-449.3497572005503
2022-09-14 00:00:00+00:00,20184.5546875,20241.08984375,19793.396484375,20467.201171875,37872380889,-203.27732140223816,196.85794863864976,-400.1352700408879
2022-09-15 00:00:00+00:00,20242.2890625,19701.2109375,19636.734375,20318.166015625,36389011503,-265.7483842909787,107.50950859992736,-373.2578928909061
2022-09-16 00:00:00+00:00,19704.005859375,19772.583984375,19400.076171875,19870.62890625,30123362273,-305.97090122756344,53.82959333067413,-359.8004945582376
2022-09-17 00:00:00+00:00,19777.033203125,20127.576171875,19777.033203125,20162.53125,24957448100,-305.6789562208687,43.2972306698951,-348.9761868907638
2022-09-18 00:00:00+00:00,20127.234375,19419.505859375,19387.4921875,20127.234375,31254779144,-358.4509449623947,-7.579806457304699,-350.87113850509
2022-09-19 00:00:00+00:00,19418.572265625,19544.12890625,18390.318359375,19639.48046875,40177002624,-385.77016949678,-27.91922479335193,-357.85094470342807
2022-09-20 00:00:00+00:00,19545.591796875,18890.7890625,18813.455078125,19602.45703125,36791346508,-454.89615722888266,-77.63617002036369,-377.25998720851896
2022-09-21 00:00:00+00:00,18891.283203125,18547.400390625,18290.314453125,19674.630859375,46363793975,-531.2635213596914,-123.2028273209379,-408.06069403875347
2022-09-22 00:00:00+00:00,18534.650390625,19413.55078125,18415.591796875,19456.91015625,41135767926,-515.946598604798,-86.30872365283562,-429.63787495196243
2022-09-23 00:00:00+00:00,19412.400390625,19297.638671875,18617.552734375,19464.671875,38896078052,-507.31297726715275,-62.140081852152264,-445.1728954150005
2022-09-24 00:00:00+00:00,19296.990234375,18937.01171875,18861.974609375,19310.197265625,26149643168,-523.5353616277753,-62.689972970219856,-460.8453886575554
2022-09-25 00:00:00+00:00,18936.310546875,18802.09765625,18696.46875,19134.732421875,23359966112,-541.0413673333569,-64.15678294064116,-476.88458439271574
2022-09-26 00:00:00+00:00,18803.900390625,19222.671875,18721.28515625,19274.873046875,44148798321,-515.0411051530209,-30.52521660824408,-484.51588854477683
2022-09-27 00:00:00+00:00,19221.83984375,19110.546875,18915.66796875,20338.455078125,58571439619,-497.74555951141156,-10.583736773307749,-487.1618227381038
2022-09-28 00:00:00+00:00,19104.62109375,19426.720703125,18553.296875,19688.34375,53071298734,-453.30076043167355,27.08884984514424,-480.3896102768178
2022-09-29 00:00:00+00:00,19427.779296875,19573.05078125,18924.353515625,19589.265625,41037843771,-401.6404613543127,62.99931913800407,-464.6397804923168
2022-09-30 00:00:00+00:00,19573.431640625,19431.7890625,19265.662109375,20109.849609375,43975248085,-367.8575098822548,77.42581648804963,-445.28332637030445
2022-10-01 00:00:00+00:00,19431.10546875,19312.095703125,19231.08203125,19471.154296875,18719537670,-346.745465347085,78.83028881857558,-425.57575416566056
2022-10-02 00:00:00+00:00,19311.849609375,19044.107421875,18970.62109375,19370.30859375,20765955327,-347.63115698936235,62.35567774103862,-409.986834730401
2022-10-03 00:00:00+00:00,19044.068359375,19623.580078125,19025.2265625,19653.54296875,30484729489,-298.137727355941,89.47928589956803,-387.61701325550905
2022-10-04 00:00:00+00:00,19623.583984375,20336.84375,19523.83984375,20380.34375,35887278685,-199.0647163271242,150.84183754270794,-349.9065538698321
2022-10-05 00:00:00+00:00,20335.900390625,20160.716796875,19801.80078125,20343.748046875,33223790572,-133.2248809689154,173.3453383207334,-306.5702192896488
2022-10-06 00:00:00+00:00,20161.0390625,19955.443359375,19900.087890625,20408.392578125,34711412966,-96.4978211473026,168.05791851387698,-264.5557396611796
2022-10-07 00:00:00+00:00,19957.55859375,19546.849609375,19395.79296875,20041.0859375,29227315390,-99.21774212869423,132.2703980259883,-231.48814015468253
2022-10-08 00:00:00+00:00,19546.328125,19416.568359375,19299.4140625,19601.6953125,16437423167,-110.61085409840598,96.70182884502125,-207.31268294342723
2022-10-09 00:00:00+00:00,19417.478515625,19446.42578125,19349.259765625,19542.5390625,16837262532,-115.89477023167274,73.13433016940363,-189.02910040107636
2022-10-10 00:00:00+00:00,19446.416015625,19141.484375,19102.978515625,19515.466796875,27425022774,-143.0396626268921,36.79155021934744,-179.83121284623954
2022-10-11 00:00:00+00:00,19139.0,19051.41796875,18925.603515625,19241.9609375,28711532910,-169.8617313823852,7.97558517108348,-177.83731655346867
2022-10-12 00:00:00+00:00,19052.646484375,19157.4453125,19029.7578125,19203.19921875,24950173846,-180.48240476481078,-2.1160705690736847,-178.3663341957371
2022-10-13 00:00:00+00:00,19156.966796875,19382.904296875,18319.822265625,19453.328125,44219840004,-168.7613335357746,7.684000527969999,-176.4453340637446
2022-10-14 00:00:00+00:00,19382.533203125,19185.65625,19115.408203125,19889.146484375,38452356727,-173.38983892144824,2.4443961138370867,-175.83423503528533
2022-10-15 00:00:00+00:00,19185.4375,19067.634765625,19019.25,19212.541015625,16192235532,-184.455027490887,-6.896633964481339,-177.55839352640567
2022-10-16 00:00:00+00:00,19068.9140625,19268.09375,19068.9140625,19389.603515625,17988916650,-175.0312530867086,2.0217123517576567,-177.05296543846626
2022-10-17 00:00:00+00:00,19268.5625,19550.7578125,19173.333984375,19635.802734375,27472552998,-143.10459575481218,27.158695746923257,-170.26329150173544
2022-10-18 00:00:00+00:00,19550.466796875,19334.416015625,19144.76953125,19666.994140625,30580012344,-133.7180463622426,29.236196111594268,-162.95424247383687
2022-10-19 00:00:00+00:00,19335.02734375,19139.53515625,19127.6875,19348.416015625,22425387184,-140.3861113026869,18.054504936919983,-158.4406162396069
2022-10-20 00:00:00+00:00,19138.0859375,19053.740234375,18971.458984375,19315.19921875,24493974420,-150.85457633377155,6.068831924668302,-156.92340825843985
2022-10-21 00:00:00+00:00,19053.203125,19172.46875,18770.970703125,19237.384765625,32459287866,-147.86600408509184,7.245923338678409,-155.11192742377025
2022-10-22 00:00:00+00:00,19172.380859375,19208.189453125,19132.244140625,19248.068359375,16104440957,-140.98993265424724,11.297595815618422,-152.28752846986566
2022-10-23 00:00:00+00:00,19207.734375,19567.0078125,19124.197265625,19646.65234375,22128794335,-105.37228753572708,37.53219274731086,-142.90448028303794
2022-10-24 00:00:00+00:00,19567.76953125,19345.572265625,19206.32421875,19589.125,30202235805,-93.93027544103461,39.179363873602654,-133.10963931463726
2022-10-25 00:00:00+00:00,19344.96484375,20095.857421875,19261.447265625,20348.412109375,47761524910,-24.043498225069925,87.25291287165388,-111.2964110967238
2022-10-26 00:00:00+00:00,20092.236328125,20770.44140625,20076.1171875,20938.134765625,58895950537,84.7980667031079,156.87558223986537,-72.07751553675746
2022-10-27 00:00:00+00:00,20772.802734375,20285.8359375,20255.373046875,20854.044921875,49625110402,130.4484512143208,162.02077340086262,-31.572322186541804
2022-10-28 00:00:00+00:00,20287.95703125,20595.3515625,20086.068359375,20724.98046875,43994715910,189.41853507678752,176.79268581066344,12.625849266124064
2022-10-29 00:00:00+00:00,20595.103515625,20818.4765625,20566.484375,20988.39453125,40369840645,251.26069724735862,190.90787838498764,60.35281886237098
2022-10-30 00:00:00+00:00,20817.982421875,20635.603515625,20547.462890625,20917.005859375,31486345556,282.2610006531104,177.52654543259152,104.73445522051887
2022-10-31 00:00:00+00:00,20633.6953125,20495.7734375,20287.458984375,20795.3203125,45668466815,292.17780192510327,149.9546773636675,142.22312456143575
2022-11-01 00:00:00+00:00,20494.8984375,20485.2734375,20359.845703125,20647.2890625,39819303159,295.78010717324287,122.84558608944567,172.9345210837972
2022-11-02 00:00:00+00:00,20482.958984375,20159.50390625,20087.134765625,20742.810546875,55552169483,269.244399593601,77.047902807843,192.19649678575797
2022-11-03 00:00:00+00:00,20162.689453125,20209.98828125,20086.240234375,20382.095703125,43228750179,249.41324665121647,45.7733998923668,203.63984675884967
2022-11-04 00:00:00+00:00,20208.76953125,21147.23046875,20188.01953125,21209.560546875,64072727950,305.7994609083071,81.7276913195659,224.07176958874118
2022-11-05 00:00:00+00:00,21144.83203125,21282.69140625,21097.634765625,21446.88671875,37846047609,357.29780087146355,106.58082502617788,250.71697584528567
2022-11-06 00:00:00+00:00,21285.056640625,20926.486328125,20920.19140625,21345.376953125,35082693210,365.15851340389054,91.55323004688387,273.60528335700667
2022-11-07 00:00:00+00:00,20924.62109375,20602.81640625,20489.97265625,21053.24609375,53510852236,341.3360179061783,54.18458763933734,287.151430266841
2022-11-08 00:00:00+00:00,20600.671875,18541.271484375,17603.544921875,20664.607421875,118992465607,154.32807447028972,-106.258684637241,260.5867591075307
2022-11-09 00:00:00+00:00,18543.76171875,15880.7802734375,15682.6923828125,18590.458984375,102905151606,-206.17976213654765,-373.4132169952627,167.23345485871505
2022-11-10 00:00:00+00:00,15883.158203125,17586.771484375,15834.0185546875,18054.3125,83202283721,-350.1888279829436,-413.93782627332695,63.74899829038331
2022-11-11 00:00:00+00:00,17583.251953125,17034.29296875,16543.482421875,17650.943359375,55871616488,-503.0980480209146,-453.4776370490383,-49.620410971876275
2022-11-12 00:00:00+00:00,17036.875,16799.185546875,16651.775390625,17066.67578125,29717699419,-635.920415915094,-469.0400039545742,-166.88041196051984
2022-11-13 00:00:00+00:00,16799.72265625,16353.365234375,16320.634765625,16920.765625,27209183682,-768.3005818901365,-481.1361359436934,-287.16444594644315
2022-11-14 00:00:00+00:00,16352.0283203125,16618.19921875,15872.94140625,17109.32421875,49630243054,-842.1353162293854,-443.97669622635374,-398.1586200030316
2022-11-15 00:00:00+00:00,16617.484375,16884.61328125,16542.55078125,17051.962890625,36599436183,-869.1336550566666,-376.780028042908,-492.3536270137586
2022-11-16 00:00:00+00:00,16884.341796875,16669.439453125,16430.111328125,16960.294921875,33925512989,-897.546406466281,-324.15422356201793,-573.3921829042631
2022-11-17 00:00:00+00:00,16670.42578125,16687.517578125,16460.68359375,16726.439453125,27868914022,-908.136530431464,-267.7954780217607,-640.3410524097034
2022-11-18 00:00:00+00:00,16687.912109375,16697.77734375,16564.611328125,16947.05859375,26862218609,-905.2660590103769,-211.9400052805388,-693.3260537298381
2022-11-19 00:00:00+00:00,16696.220703125,16711.546875,16570.41015625,16797.876953125,16106223492,-891.602267694594,-158.62097117180463,-732.9812965227894
2022-11-20 00:00:00+00:00,16712.919921875,16291.83203125,16248.6923828125,16746.779296875,21313378652,-904.2178344820059,-136.98923036737312,-767.2286041146327
2022-11-21 00:00:00+00:00,16291.2236328125,15787.2841796875,15599.046875,16291.2236328125,37429485518,-944.0461802722057,-141.45406092605833,-802.5921193461473
2022-11-22 00:00:00+00:00,15782.30078125,16189.76953125,15656.6064453125,16253.0478515625,30726828760,-932.3852700940479,-103.83452059832041,-828.5507494957275
2022-11-23 00:00:00+00:00,16195.5888671875,16610.70703125,16170.5029296875,16638.193359375,32958875628,-879.0446963636459,-40.39515749433474,-838.6495388693112
2022-11-24 00:00:00+00:00,16611.63671875,16604.46484375,16501.767578125,16771.474609375,26129037414,-827.7339974710158,8.732433118636322,-836.4664305896521
2022-11-25 00:00:00+00:00,16593.095703125,16402.5390625,16388.650390625,16603.31640625,24570638336,-794.208480917292,33.8063597378881,-828.0148406551801
